[
  {
    "slug": "disable-comments",
    "name": "Disable Comments",
    "description": "Disables comments without database",
    "author": "LittleBizzy",
    "author_url": "https://www.littlebizzy.com",
    "url": "https://github.com/littlebizzy/disable-comments",
    "icon_url": "https://via.placeholder.com/128",
    "rating": 5,
    "ratings_count": 50,
    "active_installs": 10000,
    "last_updated": "2023-06-01",
    "compatible": true
  },
  {
    "slug": "anonymous-bbpress",
    "name": "Anonymous bbPress",
    "description": "Anonymous bbPress guest posting",
    "author": "LittleBizzy",
    "author_url": "https://www.littlebizzy.com",
    "url": "https://github.com/littlebizzy/anonymous-bbpress",
    "icon_url": "https://via.placeholder.com/128",
    "rating": 4.5,
    "ratings_count": 30,
    "active_installs": 5000,
    "last_updated": "2023-07-10",
    "compatible": true
  },
  {
    "slug": "disable-gutenberg",
    "name": "Disable Gutenberg",
    "description": "Disables block editor entirely",
    "author": "LittleBizzy",
    "author_url": "https://www.littlebizzy.com",
    "url": "https://github.com/littlebizzy/disable-gutenberg",
    "icon_url": "https://via.placeholder.com/128",
    "rating": 5,
    "ratings_count": 100,
    "active_installs": 15000,
    "last_updated": "2023-08-15",
    "compatible": true
  },
  {
    "slug": "statcounter",
    "name": "StatCounter",
    "description": "Optimized StatCounter tracking",
    "author": "LittleBizzy",
    "author_url": "https://www.littlebizzy.com",
    "url": "https://github.com/littlebizzy/statcounter",
    "icon_url": "https://via.placeholder.com/128",
    "rating": 4,
    "ratings_count": 60,
    "active_installs": 7000,
    "last_updated": "2023-05-18",
    "compatible": true
  },
  {
    "slug": "disable-empty-trash",
    "name": "Disable Empty Trash",
    "description": "Stops WordPress emptying trash",
    "author": "LittleBizzy",
    "author_url": "https://www.littlebizzy.com",
    "url": "https://github.com/littlebizzy/disable-empty-trash",
    "icon_url": "https://via.placeholder.com/128",
    "rating": 4.5,
    "ratings_count": 40,
    "active_installs": 6000,
    "last_updated": "2023-06-20",
    "compatible": true
  },
  {
    "slug": "disable-image-compression",
    "name": "Disable Image Compression",
    "description": "Disables all JPEG compression",
    "author": "LittleBizzy",
    "author_url": "https://www.littlebizzy.com",
    "url": "https://github.com/littlebizzy/disable-image-compression",
    "icon_url": "https://via.placeholder.com/128",
    "rating": 5,
    "ratings_count": 35,
    "active_installs": 8000,
    "last_updated": "2023-07-01",
    "compatible": true
  },
  {
    "slug": "disable-xml-rpc",
    "name": "Disable XML-RPC",
    "description": "Disables all XML-RPC functions",
    "author": "LittleBizzy",
    "author_url": "https://www.littlebizzy.com",
    "url": "https://github.com/littlebizzy/disable-xml-rpc",
    "icon_url": "https://via.placeholder.com/128",
    "rating": 4.8,
    "ratings_count": 70,
    "active_installs": 10000,
    "last_updated": "2023-08-12",
    "compatible": true
  },
  {
    "slug": "noindex-manager",
    "name": "Noindex Manager",
    "description": "Noindex thin WordPress content",
    "author": "LittleBizzy",
    "author_url": "https://www.littlebizzy.com",
    "url": "https://github.com/littlebizzy/noindex-manager",
    "icon_url": "https://via.placeholder.com/128",
    "rating": 4.9,
    "ratings_count": 90,
    "active_installs": 12000,
    "last_updated": "2023-07-25",
    "compatible": true
  },
  {
    "slug": "force-https",
    "name": "Force HTTPS",
    "description": "HTTPS enforcement for WordPress",
    "author": "LittleBizzy",
    "author_url": "https://www.littlebizzy.com",
    "url": "https://github.com/littlebizzy/force-https",
    "icon_url": "https://via.placeholder.com/128",
    "rating": 5,
    "ratings_count": 85,
    "active_installs": 11000,
    "last_updated": "2023-06-29",
    "compatible": true
  },
  {
    "slug": "clear-caches",
    "name": "Clear Caches",
    "description": "Purge all of the WordPress caches",
    "author": "LittleBizzy",
    "author_url": "https://www.littlebizzy.com",
    "url": "https://github.com/littlebizzy/clear-caches",
    "icon_url": "https://via.placeholder.com/128",
    "rating": 4.7,
    "ratings_count": 50,
    "active_installs": 8000,
    "last_updated": "2023-07-05",
    "compatible": true
  },
  {
    "slug": "disable-author-pages",
    "name": "Disable Author Pages",
    "description": "Disables author pages and links",
    "author": "LittleBizzy",
    "author_url": "https://www.littlebizzy.com",
    "url": "https://github.com/littlebizzy/disable-author-pages",
    "icon_url": "https://via.placeholder.com/128",
    "rating": 4.6,
    "ratings_count": 55,
    "active_installs": 9000,
    "last_updated": "2023-07-17",
    "compatible": true
  }
]
