[
  {
    "slug": "anonymous-bbpress",
    "name": "Anonymous bbPress",
    "description": "Anonymous bbPress guest posting",
    "author": "LittleBizzy",
    "author_url": "https://www.littlebizzy.com",
    "repo": "littlebizzy/anonymous-bbpress",
    "icon_url": "https://avatars.githubusercontent.com/u/10787477",
    "rating": 4.8,
    "ratings_count": 100,
    "active_installs": 5000,
    "last_updated": "2024-10-12",
    "compatible": true
  },
  {
    "slug": "biscotti",
    "name": "Biscotti",
    "description": "Biscotti makes your user's login cookie a little bit longer.",
    "author": "Jason Cosper",
    "author_url": "https://jasoncosper.com",
    "repo": "boogah/biscotti",
    "icon_url": "https://avatars.githubusercontent.com/u/216056",
    "rating": 4.8,
    "ratings_count": 100,
    "active_installs": 5000,
    "last_updated": "2024-10-12",
    "compatible": true
  },
  {
    "slug": "bowl",
    "name": "Bowl",
    "description": "Advanced CMS fields workflow on top of Wordplate for Wordpress.",
    "author": "ZoulouX",
    "author_url": "https://zouloux.com",
    "repo": "zouloux/bowl",
    "icon_url": "https://avatars.githubusercontent.com/u/739001",
    "rating": 4.8,
    "ratings_count": 100,
    "active_installs": 5000,
    "last_updated": "2024-10-12",
    "compatible": true
  },
  {
    "slug": "clear-caches",
    "name": "Clear Caches",
    "description": "Purge all of the WordPress caches",
    "author": "LittleBizzy",
    "author_url": "https://www.littlebizzy.com",
    "repo": "littlebizzy/clear-caches",
    "icon_url": "https://avatars.githubusercontent.com/u/10787477",
    "rating": 4.8,
    "ratings_count": 100,
    "active_installs": 5000,
    "last_updated": "2024-10-12",
    "compatible": true
  },
  {
    "slug": "disable-author-pages",
    "name": "Disable Author Pages",
    "description": "Disables author pages and links",
    "author": "LittleBizzy",
    "author_url": "https://www.littlebizzy.com",
    "repo": "littlebizzy/disable-author-pages",
    "icon_url": "https://avatars.githubusercontent.com/u/10787477",
    "rating": 4.8,
    "ratings_count": 100,
    "active_installs": 5000,
    "last_updated": "2024-10-12",
    "compatible": true
  },
  {
    "slug": "disable-comments",
    "name": "Disable Comments",
    "description": "Disables comments without database",
    "author": "LittleBizzy",
    "author_url": "https://www.littlebizzy.com",
    "repo": "littlebizzy/disable-comments",
    "icon_url": "https://avatars.githubusercontent.com/u/10787477",
    "rating": 4.8,
    "ratings_count": 100,
    "active_installs": 5000,
    "last_updated": "2024-10-12",
    "compatible": true
  },
  {
    "slug": "disable-empty-trash",
    "name": "Disable Empty Trash",
    "description": "Stops WordPress emptying trash",
    "author": "LittleBizzy",
    "author_url": "https://www.littlebizzy.com",
    "repo": "littlebizzy/disable-empty-trash",
    "icon_url": "https://avatars.githubusercontent.com/u/10787477",
    "rating": 4.8,
    "ratings_count": 100,
    "active_installs": 5000,
    "last_updated": "2024-10-12",
    "compatible": true
  },
  {
    "slug": "disable-feeds",
    "name": "Disable Feeds",
    "description": "Disables RSS feeds in WordPress",
    "author": "LittleBizzy",
    "author_url": "https://www.littlebizzy.com",
    "repo": "littlebizzy/disable-feeds",
    "icon_url": "https://avatars.githubusercontent.com/u/10787477",
    "rating": 4.8,
    "ratings_count": 100,
    "active_installs": 5000,
    "last_updated": "2024-10-12",
    "compatible": true
  },
  {
    "slug": "disable-gutenberg",
    "name": "Disable Gutenberg",
    "description": "Disables block editor entirely",
    "author": "LittleBizzy",
    "author_url": "https://www.littlebizzy.com",
    "repo": "littlebizzy/disable-gutenberg",
    "icon_url": "https://avatars.githubusercontent.com/u/10787477",
    "rating": 4.8,
    "ratings_count": 100,
    "active_installs": 5000,
    "last_updated": "2024-10-12",
    "compatible": true
  },
  {
    "slug": "disable-image-compression",
    "name": "Disable Image Compression",
    "description": "Disables all JPEG compression",
    "author": "LittleBizzy",
    "author_url": "https://www.littlebizzy.com",
    "repo": "littlebizzy/disable-image-compression",
    "icon_url": "https://avatars.githubusercontent.com/u/10787477",
    "rating": 4.8,
    "ratings_count": 100,
    "active_installs": 5000,
    "last_updated": "2024-10-12",
    "compatible": true
  },
  {
    "slug": "disable-xml-rpc",
    "name": "Disable XML-RPC",
    "description": "Disables all XML-RPC functions",
    "author": "LittleBizzy",
    "author_url": "https://www.littlebizzy.com",
    "repo": "littlebizzy/disable-xml-rpc",
    "icon_url": "https://avatars.githubusercontent.com/u/10787477",
    "rating": 4.8,
    "ratings_count": 100,
    "active_installs": 5000,
    "last_updated": "2024-10-12",
    "compatible": true
  },
  {
    "slug": "dt-home",
    "name": "DT Home",
    "description": "An app home screen for Disciple.Tools. Part of the DT Toolbox.",
    "author": "The Code Zone",
    "author_url": "https://github.com/thecodezone",
    "repo": "thecodezone/dt-home",
    "icon_url": "https://avatars.githubusercontent.com/u/58779692",
    "rating": 4.8,
    "ratings_count": 100,
    "active_installs": 5000,
    "last_updated": "2024-10-12",
    "compatible": true
  },
  {
    "slug": "force-https",
    "name": "Force HTTPS",
    "description": "HTTPS enforcement for WordPress",
    "author": "LittleBizzy",
    "author_url": "https://www.littlebizzy.com",
    "repo": "littlebizzy/force-https",
    "icon_url": "https://avatars.githubusercontent.com/u/10787477",
    "rating": 4.8,
    "ratings_count": 100,
    "active_installs": 5000,
    "last_updated": "2024-10-12",
    "compatible": true
  },
  {
    "slug": "miso-wordpress-plugin",
    "name": "Miso AI",
    "description": "The official WordPress plugin for Miso AI data integration.",
    "author": "Simon Pai",
    "author_url": "https://miso.ai",
    "repo": "MisoAI/miso-wordpress-plugin",
    "icon_url": "https://avatars.githubusercontent.com/u/22569795",
    "rating": 4.8,
    "ratings_count": 100,
    "active_installs": 5000,
    "last_updated": "2024-10-12",
    "compatible": true
  },
  {
    "slug": "multisite-billing-manager",
    "name": "Multisite Billing Manager",
    "description": "Billing for Multisite networks",
    "author": "LittleBizzy",
    "author_url": "https://www.littlebizzy.com",
    "repo": "littlebizzy/multisite-billing-manager",
    "icon_url": "https://avatars.githubusercontent.com/u/10787477",
    "rating": 4.8,
    "ratings_count": 100,
    "active_installs": 5000,
    "last_updated": "2024-10-12",
    "compatible": true
  },
  {
    "slug": "pods",
    "name": "Pods Framework",
    "description": "Pods is a framework for creating, managing, and deploying customized content types and fields",
    "author": "Pods Framework Team",
    "author_url": "https://pods.io",
    "repo": "pods-framework/pods",
    "icon_url": "https://avatars.githubusercontent.com/u/1049430",
    "rating": 4.8,
    "ratings_count": 100,
    "active_installs": 5000,
    "last_updated": "2024-10-12",
    "compatible": true
  },
  {
    "slug": "pressbooks",
    "name": "Pressbooks",
    "description": "Simple Book Production",
    "author": "Pressbooks",
    "author_url": "https://pressbooks.org",
    "repo": "pressbooks/pressbooks",
    "icon_url": "https://avatars.githubusercontent.com/u/4054717",
    "rating": 4.8,
    "ratings_count": 100,
    "active_installs": 5000,
    "last_updated": "2024-10-12",
    "compatible": true
  },
  {
    "slug": "noindex-manager",
    "name": "Noindex Manager",
    "description": "Noindex thin WordPress content",
    "author": "LittleBizzy",
    "author_url": "https://www.littlebizzy.com",
    "repo": "littlebizzy/noindex-manager",
    "icon_url": "https://avatars.githubusercontent.com/u/10787477",
    "rating": 4.8,
    "ratings_count": 100,
    "active_installs": 5000,
    "last_updated": "2024-10-12",
    "compatible": true
  },
  {
    "slug": "recrawler",
    "name": "ReCrawler",
    "description": "ReCrawler is a small WordPress Plugin for quickly notifying search engines whenever their website content is created, updated, or deleted.",
    "author": "Mikhail Kobzarev",
    "author_url": "https://www.kobzarev.com",
    "repo": "mihdan/recrawler",
    "icon_url": "https://avatars.githubusercontent.com/u/666732",
    "rating": 4.8,
    "ratings_count": 100,
    "active_installs": 5000,
    "last_updated": "2024-10-12",
    "compatible": true
  },
  {
    "slug": "statcounter",
    "name": "StatCounter",
    "description": "Optimized StatCounter tracking",
    "author": "LittleBizzy",
    "author_url": "https://www.littlebizzy.com",
    "repo": "littlebizzy/statcounter",
    "icon_url": "https://avatars.githubusercontent.com/u/10787477",
    "rating": 4.8,
    "ratings_count": 100,
    "active_installs": 5000,
    "last_updated": "2024-10-12",
    "compatible": true
  },
  {
    "slug": "wp-cloud-deploy",
    "name": "WPCloudDeploy",
    "description": "Deploy and manage cloud servers and apps from inside the WordPress Admin dashboard",
    "author": "WPCloudDeploy",
    "author_url": "https://wpclouddeploy.com",
    "repo": "WPCloudDeploy/wp-cloud-deploy",
    "icon_url": "https://avatars.githubusercontent.com/u/67524577",
    "rating": 4.8,
    "ratings_count": 100,
    "active_installs": 5000,
    "last_updated": "2024-10-12",
    "compatible": true
  },
  {
    "slug": "wp-sms",
    "name": "WP SMS",
    "description": "Ultimate SMS & MMS Notifications, 2FA, OTP, and Integrations with WooCommerce, GravityForms, and More",
    "author": "WP SMS",
    "author_url": "https://wp-sms-pro.com",
    "repo": "wp-sms/wp-sms",
    "icon_url": "https://avatars.githubusercontent.com/u/138309584",
    "rating": 4.8,
    "ratings_count": 100,
    "active_installs": 5000,
    "last_updated": "2024-10-12",
    "compatible": true
  }
]
