{
	"1.0.0": {
		"package": "https://github.com/littlebizzy/force-https/archive/1.0.0.zip"
	},
	"1.0.1": {
		"package": "https://github.com/littlebizzy/force-https/archive/1.0.1.zip"
	},
	"1.0.2": {
		"package": "https://github.com/littlebizzy/force-https/archive/1.0.2.zip"
	},
	"1.0.3": {
		"package": "https://github.com/littlebizzy/force-https/archive/1.0.3.zip"
	},
	"1.0.4": {
		"package": "https://github.com/littlebizzy/force-https/archive/1.0.4.zip"
	},
	"1.0.5": {
		"package": "https://github.com/littlebizzy/force-https/archive/1.0.5.zip"
	},
	"1.0.6": {
		"package": "https://github.com/littlebizzy/force-https/archive/1.0.6.zip"
	},
	"1.1.0": {
		"package": "https://github.com/littlebizzy/force-https/archive/1.1.0.zip"
	},
	"1.1.1": {
		"package": "https://github.com/littlebizzy/force-https/archive/1.1.1.zip"
	},
	"1.1.2": {
		"package": "https://github.com/littlebizzy/force-https/archive/1.1.2.zip"
	},
	"1.1.3": {
		"package": "https://github.com/littlebizzy/force-https/archive/1.1.3.zip"
	},
	"1.1.4": {
		"package": "https://github.com/littlebizzy/force-https/archive/1.1.4.zip"
	},
	"1.2.0": {
		"package": "https://github.com/littlebizzy/force-https/archive/1.2.0.zip"
	},
	"1.2.1": {
		"package": "https://github.com/littlebizzy/force-https/archive/1.2.1.zip"
	},
	"1.3.0": {
		"package": "https://github.com/littlebizzy/force-https/archive/1.3.0.zip"
	},
	"1.4.0": {
		"package": "https://github.com/littlebizzy/force-https/archive/1.4.0.zip"
	},
	"1.4.1": {
		"package": "https://github.com/littlebizzy/force-https/archive/1.4.1.zip"
	},
	"1.4.2": {
		"package": "https://github.com/littlebizzy/force-https/archive/1.4.2.zip"
	},
	"1.4.3": {
		"package": "https://github.com/littlebizzy/force-https/archive/1.4.3.zip"
	}
}
