[
  {
    "slug": "404-to-homepage",
    "name": "404 To Homepage",
    "description": "Redirects 404 errors to homepage",
    "author": "LittleBizzy",
    "author_url": "https://www.littlebizzy.com",
    "repo": "littlebizzy/404-to-homepage",
    "icon_url": "https://avatars.githubusercontent.com/u/10787477",
    "rating": 4.8,
    "ratings_count": 100,
    "last_updated": "2024-10-12",
    "compatible": true
  },
  {
    "slug": "anonymous-bbpress",
    "name": "Anonymous bbPress",
    "description": "Anonymous bbPress guest posting",
    "author": "LittleBizzy",
    "author_url": "https://www.littlebizzy.com",
    "repo": "littlebizzy/anonymous-bbpress",
    "icon_url": "https://avatars.githubusercontent.com/u/10787477",
    "rating": 4.8,
    "ratings_count": 100,
    "last_updated": "2024-10-12",
    "compatible": true
  },
  {
    "slug": "benchpress",
    "name": "BenchPress",
    "description": "BenchPress is a WordPress plugin for benchmarking PHP code snippets, WordPress queries, and other critical operations.",
    "author": "Robert DeVore",
    "author_url": "https://robertdevore.com",
    "repo": "robertdevore/benchpress",
    "icon_url": "https://avatars.githubusercontent.com/u/9917957",
    "rating": 4.8,
    "ratings_count": 100,
    "last_updated": "2024-10-12",
    "compatible": true
  },
  {
    "slug": "biscotti",
    "name": "Biscotti",
    "description": "Biscotti makes your user's login cookie a little bit longer.",
    "author": "Jason Cosper",
    "author_url": "https://jasoncosper.com",
    "repo": "boogah/biscotti",
    "icon_url": "https://avatars.githubusercontent.com/u/216056",
    "rating": 4.8,
    "ratings_count": 100,
    "last_updated": "2024-10-12",
    "compatible": true
  },
  {
    "slug": "bowl",
    "name": "Bowl",
    "description": "Advanced CMS fields workflow on top of Wordplate for Wordpress.",
    "author": "ZoulouX",
    "author_url": "https://zouloux.com",
    "repo": "zouloux/bowl",
    "icon_url": "https://avatars.githubusercontent.com/u/739001",
    "rating": 4.8,
    "ratings_count": 100,
    "last_updated": "2024-10-12",
    "compatible": true
  },
  {
    "slug": "clear-caches",
    "name": "Clear Caches",
    "description": "Purge all of the WordPress caches",
    "author": "LittleBizzy",
    "author_url": "https://www.littlebizzy.com",
    "repo": "littlebizzy/clear-caches",
    "icon_url": "https://avatars.githubusercontent.com/u/10787477",
    "rating": 4.8,
    "ratings_count": 100,
    "last_updated": "2024-10-12",
    "compatible": true
  },
  {
    "slug": "contact-form",
    "name": "Contact Form",
    "description": "Intuitive WordPress contact form",
    "author": "LittleBizzy",
    "author_url": "https://www.littlebizzy.com",
    "repo": "littlebizzy/contact-form",
    "icon_url": "https://avatars.githubusercontent.com/u/10787477",
    "rating": 4.8,
    "ratings_count": 100,
    "last_updated": "2024-10-12",
    "compatible": true
  },
  {
    "slug": "custom-update-request-modifier",
    "name": "Custom Update Request Modifier",
    "description": "Modifies the user-agent string in HTTP requests for theme, plugin, core, and other WordPress API requests. Allows custom API URL configuration, logs request details including headers and body, and excludes non-WordPress.org plugins from update checks.",
    "author": "Robert DeVore",
    "author_url": "https://robertdevore.com",
    "repo": "robertdevore/custom-update-request-modifier",
    "icon_url": "https://avatars.githubusercontent.com/u/9917957",
    "rating": 4.8,
    "ratings_count": 100,
    "last_updated": "2024-10-12",
    "compatible": true
  },
  {
    "slug": "disable-author-pages",
    "name": "Disable Author Pages",
    "description": "Disables author pages and links",
    "author": "LittleBizzy",
    "author_url": "https://www.littlebizzy.com",
    "repo": "littlebizzy/disable-author-pages",
    "icon_url": "https://avatars.githubusercontent.com/u/10787477",
    "rating": 4.8,
    "ratings_count": 100,
    "last_updated": "2024-10-12",
    "compatible": true
  },
  {
    "slug": "disable-cart-fragments",
    "name": "Disable Cart Fragments",
    "description": "Disables AJAX fragments in Woo",
    "author": "LittleBizzy",
    "author_url": "https://www.littlebizzy.com",
    "repo": "littlebizzy/disable-cart-fragments",
    "icon_url": "https://avatars.githubusercontent.com/u/10787477",
    "rating": 4.8,
    "ratings_count": 100,
    "last_updated": "2024-10-12",
    "compatible": true
  },
  {
    "slug": "disable-comments",
    "name": "Disable Comments",
    "description": "Disables comments without database",
    "author": "LittleBizzy",
    "author_url": "https://www.littlebizzy.com",
    "repo": "littlebizzy/disable-comments",
    "icon_url": "https://avatars.githubusercontent.com/u/10787477",
    "rating": 4.8,
    "ratings_count": 100,
    "last_updated": "2024-10-12",
    "compatible": true
  },
  {
    "slug": "disable-emojis",
    "name": "Disable Emojis",
    "description": "Disables emoji assets and unicode",
    "author": "LittleBizzy",
    "author_url": "https://www.littlebizzy.com",
    "repo": "littlebizzy/disable-emojis",
    "icon_url": "https://avatars.githubusercontent.com/u/10787477",
    "rating": 4.8,
    "ratings_count": 100,
    "last_updated": "2024-10-12",
    "compatible": true
  },
  {
    "slug": "disable-empty-trash",
    "name": "Disable Empty Trash",
    "description": "Stops WordPress emptying trash",
    "author": "LittleBizzy",
    "author_url": "https://www.littlebizzy.com",
    "repo": "littlebizzy/disable-empty-trash",
    "icon_url": "https://avatars.githubusercontent.com/u/10787477",
    "rating": 4.8,
    "ratings_count": 100,
    "last_updated": "2024-10-12",
    "compatible": true
  },
  {
    "slug": "disable-feeds",
    "name": "Disable Feeds",
    "description": "Disables RSS feeds in WordPress",
    "author": "LittleBizzy",
    "author_url": "https://www.littlebizzy.com",
    "repo": "littlebizzy/disable-feeds",
    "icon_url": "https://avatars.githubusercontent.com/u/10787477",
    "rating": 4.8,
    "ratings_count": 100,
    "last_updated": "2024-10-12",
    "compatible": true
  },
  {
    "slug": "disable-image-compression",
    "name": "Disable Image Compression",
    "description": "Disables all JPEG compression",
    "author": "LittleBizzy",
    "author_url": "https://www.littlebizzy.com",
    "repo": "littlebizzy/disable-image-compression",
    "icon_url": "https://avatars.githubusercontent.com/u/10787477",
    "rating": 4.8,
    "ratings_count": 100,
    "last_updated": "2024-10-12",
    "compatible": true
  },
  {
    "slug": "disable-search",
    "name": "Disable Search",
    "description": "Totally disables WordPress search",
    "author": "LittleBizzy",
    "author_url": "https://www.littlebizzy.com",
    "repo": "littlebizzy/disable-search",
    "icon_url": "https://avatars.githubusercontent.com/u/10787477",
    "rating": 4.8,
    "ratings_count": 100,
    "last_updated": "2024-10-12",
    "compatible": true
  },
  {
    "slug": "disable-xml-rpc",
    "name": "Disable XML-RPC",
    "description": "Disables all XML-RPC functions",
    "author": "LittleBizzy",
    "author_url": "https://www.littlebizzy.com",
    "repo": "littlebizzy/disable-xml-rpc",
    "icon_url": "https://avatars.githubusercontent.com/u/10787477",
    "rating": 4.8,
    "ratings_count": 100,
    "last_updated": "2024-10-12",
    "compatible": true
  },
  {
    "slug": "dt-home",
    "name": "DT Home",
    "description": "An app home screen for Disciple.Tools. Part of the DT Toolbox.",
    "author": "The Code Zone",
    "author_url": "https://github.com/thecodezone",
    "repo": "thecodezone/dt-home",
    "icon_url": "https://avatars.githubusercontent.com/u/58779692",
    "rating": 4.8,
    "ratings_count": 100,
    "last_updated": "2024-10-12",
    "compatible": true
  },
  {
    "slug": "email-validator-for-wordpress",
    "name": "Email Validator for WordPress",
    "description": "A plugin that stops user registration if the email address has more numbers than a specified limit (configurable). It also works for WooCommerce registration if WooCommerce is active.",
    "author": "Robert DeVore",
    "author_url": "https://robertdevore.com",
    "repo": "robertdevore/email-validator-for-wordpress",
    "icon_url": "https://avatars.githubusercontent.com/u/9917957",
    "rating": 4.8,
    "ratings_count": 100,
    "last_updated": "2024-10-12",
    "compatible": true
  },
  {
    "slug": "force-https",
    "name": "Force HTTPS",
    "description": "HTTPS enforcement for WordPress",
    "author": "LittleBizzy",
    "author_url": "https://www.littlebizzy.com",
    "repo": "littlebizzy/force-https",
    "icon_url": "https://avatars.githubusercontent.com/u/10787477",
    "rating": 4.8,
    "ratings_count": 100,
    "last_updated": "2024-10-12",
    "compatible": true
  },
  {
    "slug": "frontend-post-order",
    "name": "Frontend Post Order",
    "description": "A plugin to let you re-order posts on the frontend.",
    "author": "Robert DeVore",
    "author_url": "https://robertdevore.com",
    "repo": "robertdevore/frontend-post-order",
    "icon_url": "https://avatars.githubusercontent.com/u/9917957",
    "rating": 4.8,
    "ratings_count": 100,
    "last_updated": "2024-10-12",
    "compatible": true
  },
  {
    "slug": "gift-cards-for-woocommerce",
    "name": "Gift Cards for WooCommerce",
    "description": "Add robust gift card functionality to your WooCommerce powered store.",
    "author": "Robert DeVore",
    "author_url": "https://robertdevore.com",
    "repo": "robertdevore/gift-cards-for-woocommerce",
    "icon_url": "https://avatars.githubusercontent.com/u/9917957",
    "rating": 4.8,
    "ratings_count": 100,
    "last_updated": "2024-10-12",
    "compatible": true
  },
  {
    "slug": "metadata",
    "name": "Metadata",
    "description": "For custom titles and descriptions",
    "author": "LittleBizzy",
    "author_url": "https://www.littlebizzy.com",
    "repo": "littlebizzy/metadata",
    "icon_url": "https://avatars.githubusercontent.com/u/10787477",
    "rating": 4.8,
    "ratings_count": 100,
    "last_updated": "2024-10-12",
    "compatible": true
  },
  {
    "slug": "miso-wordpress-plugin",
    "name": "Miso AI",
    "description": "The official WordPress plugin for Miso AI data integration.",
    "author": "Simon Pai",
    "author_url": "https://miso.ai",
    "repo": "MisoAI/miso-wordpress-plugin",
    "icon_url": "https://avatars.githubusercontent.com/u/22569795",
    "rating": 4.8,
    "ratings_count": 100,
    "last_updated": "2024-10-12",
    "compatible": true
  },
  {
    "slug": "multisite-billing-manager",
    "name": "Multisite Billing Manager",
    "description": "Billing for Multisite networks",
    "author": "LittleBizzy",
    "author_url": "https://www.littlebizzy.com",
    "repo": "littlebizzy/multisite-billing-manager",
    "icon_url": "https://avatars.githubusercontent.com/u/10787477",
    "rating": 4.8,
    "ratings_count": 100,
    "last_updated": "2024-10-12",
    "compatible": true
  },
  {
    "slug": "pods",
    "name": "Pods Framework",
    "description": "Pods is a framework for creating, managing, and deploying customized content types and fields",
    "author": "Pods Framework Team",
    "author_url": "https://pods.io",
    "repo": "pods-framework/pods",
    "icon_url": "https://avatars.githubusercontent.com/u/1049430",
    "rating": 4.8,
    "ratings_count": 100,
    "last_updated": "2024-10-12",
    "compatible": true
  },
  {
    "slug": "pressbooks",
    "name": "Pressbooks",
    "description": "Simple Book Production",
    "author": "Pressbooks",
    "author_url": "https://pressbooks.org",
    "repo": "pressbooks/pressbooks",
    "icon_url": "https://avatars.githubusercontent.com/u/4054717",
    "rating": 4.8,
    "ratings_count": 100,
    "last_updated": "2024-10-12",
    "compatible": true
  },
  {
    "slug": "noindex-manager",
    "name": "Noindex Manager",
    "description": "Noindex thin WordPress content",
    "author": "LittleBizzy",
    "author_url": "https://www.littlebizzy.com",
    "repo": "littlebizzy/noindex-manager",
    "icon_url": "https://avatars.githubusercontent.com/u/10787477",
    "rating": 4.8,
    "ratings_count": 100,
    "last_updated": "2024-10-12",
    "compatible": true
  },
  {
    "slug": "random-post-ids",
    "name": "Random Post IDs",
    "description": "Random 7-digit IDs for usability",
    "author": "LittleBizzy",
    "author_url": "https://www.littlebizzy.com",
    "repo": "littlebizzy/random-post-ids",
    "icon_url": "https://avatars.githubusercontent.com/u/10787477",
    "rating": 4.8,
    "ratings_count": 100,
    "last_updated": "2024-10-12",
    "compatible": true
  },
  {
    "slug": "recrawler",
    "name": "ReCrawler",
    "description": "ReCrawler is a small WordPress Plugin for quickly notifying search engines whenever their website content is created, updated, or deleted.",
    "author": "Mikhail Kobzarev",
    "author_url": "https://www.kobzarev.com",
    "repo": "mihdan/recrawler",
    "icon_url": "https://avatars.githubusercontent.com/u/666732",
    "rating": 4.8,
    "ratings_count": 100,
    "last_updated": "2024-10-12",
    "compatible": true
  },
  {
    "slug": "redis-cache",
    "name": "Redis Cache",
    "description": "A persistent object cache backend powered by Redis. Supports Predis, PhpRedis, Relay, replication, sentinels, clustering and WP-CLI.",
    "author": "Till Krüss",
    "author_url": "https://objectcache.pro",
    "repo": "rhubarbgroup/redis-cache",
    "icon_url": "https://avatars.githubusercontent.com/u/63673215",
    "rating": 4.8,
    "ratings_count": 100,
    "last_updated": "2024-10-12",
    "compatible": true
  },
  {
    "slug": "redux-framework",
    "name": "Redux Framework",
    "description": "Build better sites in WordPress fast!",
    "author": "Team Redux",
    "author_url": "https://redux.io",
    "repo": "reduxframework/redux-framework",
    "icon_url": "https://avatars.githubusercontent.com/u/5377528",
    "rating": 4.8,
    "ratings_count": 100,
    "last_updated": "2024-10-12",
    "compatible": true
  },
  {
  "slug": "secure-file-access",
  "name": "Secure File Access",
  "description": "Easy file downloads for WordPress",
  "author": "LittleBizzy",
  "author_url": "https://www.littlebizzy.com",
  "repo": "littlebizzy/secure-file-access",
  "icon_url": "https://avatars.githubusercontent.com/u/10787477",
  "rating": 0,
  "ratings_count": 0,
  "last_updated": "2025-09-28",
  "compatible": true
  },
  {
    "slug": "statcounter",
    "name": "StatCounter",
    "description": "Optimized StatCounter tracking",
    "author": "LittleBizzy",
    "author_url": "https://www.littlebizzy.com",
    "repo": "littlebizzy/statcounter",
    "icon_url": "https://avatars.githubusercontent.com/u/10787477",
    "rating": 4.8,
    "ratings_count": 100,
    "last_updated": "2024-10-12",
    "compatible": true
  },
  {
    "slug": "woo-product-table",
    "name": "Woo Product Table",
    "description": "WooCommerce product table plugin helps you to display your products in a searchable table layout with filters. Boost conversions & sales. Woo Product Table is best for Wholesale.",
    "author": "CodeAstrology Team",
    "author_url": "https://wooproducttable.com",
    "repo": "codersaiful/woo-product-table",
    "icon_url": "https://avatars.githubusercontent.com/u/6463919",
    "rating": 4.8,
    "ratings_count": 100,
    "last_updated": "2024-10-12",
    "compatible": true
  },
  {
    "slug": "wp-api-privacy",
    "name": "WP API Privacy",
    "description": "Strips potentially identifying information from outbound requests to the WordPress.org API",
    "author": "Duane Storey",
    "author_url": "https://duanestorey.com",
    "repo": "wp-privacy/wp-api-privacy",
    "icon_url": "https://avatars.githubusercontent.com/u/187593277",
    "rating": 4.8,
    "ratings_count": 100,
    "last_updated": "2024-10-12",
    "compatible": true
  },
  {
    "slug": "wp-cloud-deploy",
    "name": "WPCloudDeploy",
    "description": "Deploy and manage cloud servers and apps from inside the WordPress Admin dashboard",
    "author": "WPCloudDeploy",
    "author_url": "https://wpclouddeploy.com",
    "repo": "WPCloudDeploy/wp-cloud-deploy",
    "icon_url": "https://avatars.githubusercontent.com/u/67524577",
    "rating": 4.8,
    "ratings_count": 100,
    "last_updated": "2024-10-12",
    "compatible": true
  },
  {
    "slug": "wp-discourse",
    "name": "WP Discourse",
    "description": "Use Discourse as a community engine for your WordPress blog",
    "author": "Discourse",
    "author_url": "https://www.discourse.org",
    "repo": "discourse/wp-discourse",
    "icon_url": "https://avatars.githubusercontent.com/u/3220138",
    "rating": 4.8,
    "ratings_count": 100,
    "last_updated": "2024-10-12",
    "compatible": true
  },
  {
    "slug": "wp-graphql",
    "name": "WPGraphQL",
    "description": "GraphQL API for WordPress",
    "author": "WPGraphQL",
    "author_url": "https://www.wpgraphql.com",
    "repo": "wp-graphql/wp-graphql",
    "icon_url": "https://avatars.githubusercontent.com/u/24994409",
    "rating": 4.8,
    "ratings_count": 100,
    "last_updated": "2024-10-12",
    "compatible": true
  },
  {
    "slug": "wp-sms",
    "name": "WP SMS",
    "description": "Ultimate SMS & MMS Notifications, 2FA, OTP, and Integrations with WooCommerce, GravityForms, and More",
    "author": "WP SMS",
    "author_url": "https://wp-sms-pro.com",
    "repo": "wp-sms/wp-sms",
    "icon_url": "https://avatars.githubusercontent.com/u/138309584",
    "rating": 4.8,
    "ratings_count": 100,
    "last_updated": "2024-10-12",
    "compatible": true
  }
]
